INSERT INTO LOCO (ID_LOCO, TITLE_LOCO) VALUES ('VL100','Локомотив 1 Днепропетровск');
INSERT INTO LOCO (ID_LOCO, TITLE_LOCO) VALUES ('VL151','Локомотив 2 Днепропетровск');
INSERT INTO LOCO (ID_LOCO, TITLE_LOCO) VALUES ('VL231','Локомотив 1 Киев');
INSERT INTO LOCO (ID_LOCO, TITLE_LOCO) VALUES ('VL115','Локомотив 1 Львов');
INSERT INTO LOCO (ID_LOCO, TITLE_LOCO) VALUES ('VL131','Локомотив 1 Запорожье');

INSERT INTO SENSOR (NAME, DESCRIPTION, UNIT_OF_MEASURE, UNIT_NAME) VALUES ('NAPR_ACCUM_BATR_SEC_A','Напр. аккумул. батареи секции А', 'U', 'OSN');
INSERT INTO SENSOR (NAME, DESCRIPTION, UNIT_OF_MEASURE, UNIT_NAME) VALUES ('NAPR_ACCUM_BATR_SEC_B','Напр. аккумул. батареи секции Б', 'U', 'OSN');
INSERT INTO SENSOR (NAME, DESCRIPTION, UNIT_OF_MEASURE, UNIT_NAME) VALUES ('TOK_ACCUM_BATR_SEC_A','Ток аккумул. батареи секции А', 'I', 'OSN');
INSERT INTO SENSOR (NAME, DESCRIPTION, UNIT_OF_MEASURE, UNIT_NAME) VALUES ('TOK_ACCUM_BATR_SEC_B','Ток аккумул. батареи секции Б', 'I', 'OSN');
INSERT INTO SENSOR (NAME, DESCRIPTION, UNIT_OF_MEASURE, UNIT_NAME) VALUES ('TOK_VOZ_TED_SEC_A','Ток возбуждения ТЭД секции А', 'І', 'TDVIG');
INSERT INTO SENSOR (NAME, DESCRIPTION, UNIT_OF_MEASURE, UNIT_NAME) VALUES ('TOK_VOZ_TED_SEC_B','Ток возбуждения ТЭД секции Б', 'І', 'TDVIG');
INSERT INTO SENSOR (NAME, DESCRIPTION, UNIT_OF_MEASURE, UNIT_NAME) VALUES ('TOK_YAK_TED12_SEC_A','Ток якоря ТЭД 1-2 секции А', 'І', 'TDVIG');
INSERT INTO SENSOR (NAME, DESCRIPTION, UNIT_OF_MEASURE, UNIT_NAME) VALUES ('TOK_YAK_TED12_SEC_B','Ток якоря ТЭД 1-2 секции Б', 'І', 'TDVIG');
INSERT INTO SENSOR (NAME, DESCRIPTION, UNIT_OF_MEASURE, UNIT_NAME) VALUES ('TOK_YAK_TED34_SEC_A','Ток якоря ТЭД 3-4 секции А', 'І', 'TDVIG');
INSERT INTO SENSOR (NAME, DESCRIPTION, UNIT_OF_MEASURE, UNIT_NAME) VALUES ('TOK_YAK_TED34_SEC_B','Ток якоря ТЭД 3-4 секции Б', 'І', 'TDVIG');
INSERT INTO SENSOR (NAME, DESCRIPTION, UNIT_OF_MEASURE, UNIT_NAME) VALUES ('NAPR_CONT_SET_SEC_A','Напр. контактной сети секции А', 'U', 'OSN');
INSERT INTO SENSOR (NAME, DESCRIPTION, UNIT_OF_MEASURE, UNIT_NAME) VALUES ('NAPR_CONT_SET_SEC_B','Напр. контактной сети секции Б', 'U', 'OSN');
INSERT INTO SENSOR (NAME, DESCRIPTION, UNIT_OF_MEASURE, UNIT_NAME) VALUES ('TEMPR_BUKS1_STOR_MASH_SEC_A','Темп-ра буксы1 стор.маш сек.А;', 'C', 'BUKS');
INSERT INTO SENSOR (NAME, DESCRIPTION, UNIT_OF_MEASURE, UNIT_NAME) VALUES ('TEMPR_BUKS1_STOR_POM_MASH_SEC_A','Темп-ра буксы1 стор.пом.маш сек.А', 'C', 'BUKS');
INSERT INTO SENSOR (NAME, DESCRIPTION, UNIT_OF_MEASURE, UNIT_NAME) VALUES ('TEMPR_BUKS2_STOR_MASH_SEC_A','Темп-ра буксы2 стор.маш сек.А', 'C', 'BUKS');
INSERT INTO SENSOR (NAME, DESCRIPTION, UNIT_OF_MEASURE, UNIT_NAME) VALUES ('TEMPR_BUKS2_STOR_POM_MASH_SEC_A','Темп-ра буксы2 стор.пом.маш сек.А', 'C', 'BUKS');
INSERT INTO SENSOR (NAME, DESCRIPTION, UNIT_OF_MEASURE, UNIT_NAME) VALUES ('TEMPR_BUKS3_STOR_MASH_SEC_A','Темп-ра буксы3 стор.маш сек.А', 'C', 'BUKS');
INSERT INTO SENSOR (NAME, DESCRIPTION, UNIT_OF_MEASURE, UNIT_NAME) VALUES ('TEMPR_BUKS3_STOR_POM_MASH_SEC_A','Темп-ра буксы3 стор.пом.маш сек.А', 'C', 'BUKS');
INSERT INTO SENSOR (NAME, DESCRIPTION, UNIT_OF_MEASURE, UNIT_NAME) VALUES ('TEMPR_BUKS4_STOR_MASH_SEC_A','Темп-ра буксы4 стор.маш сек.А', 'C', 'BUKS');
INSERT INTO SENSOR (NAME, DESCRIPTION, UNIT_OF_MEASURE, UNIT_NAME) VALUES ('TEMPR_BUKS4_STOR_POM_MASH_SEC_A','Темп-ра буксы4 стор.пом.маш сек.А', 'C', 'BUKS');
INSERT INTO SENSOR (NAME, DESCRIPTION, UNIT_OF_MEASURE, UNIT_NAME) VALUES ('TEMPR_BUKS4_STOR_POM_MASH_SEC_B','Темп-ра буксы4 стор.пом.маш сек.Б', 'C', 'BUKS');
INSERT INTO SENSOR (NAME, DESCRIPTION, UNIT_OF_MEASURE, UNIT_NAME) VALUES ('TEMPR_BUKS4_STOR_MASH_SEC_B','Темп-ра буксы4 стор.маш сек.Б', 'C', 'BUKS');
INSERT INTO SENSOR (NAME, DESCRIPTION, UNIT_OF_MEASURE, UNIT_NAME) VALUES ('TEMPR_BUKS3_STOR_POM_MASH_SEC_B','Темп-ра буксы3 стор.пом.маш сек.Б', 'C', 'BUKS');
INSERT INTO SENSOR (NAME, DESCRIPTION, UNIT_OF_MEASURE, UNIT_NAME) VALUES ('TEMPR_BUKS3_STOR_MASH_SEC_B','Темп-ра буксы3 стор.маш сек.Б', 'C', 'BUKS');
INSERT INTO SENSOR (NAME, DESCRIPTION, UNIT_OF_MEASURE, UNIT_NAME) VALUES ('TEMPR_BUKS2_STOR_POM_MASH_SEC_B','Темп-ра буксы2 стор.пом.маш сек.Б', 'C', 'BUKS');
INSERT INTO SENSOR (NAME, DESCRIPTION, UNIT_OF_MEASURE, UNIT_NAME) VALUES ('TEMPR_BUKS2_STOR_MASH_SEC_B','Темп-ра буксы2 стор.маш сек.Б', 'C', 'BUKS');
INSERT INTO SENSOR (NAME, DESCRIPTION, UNIT_OF_MEASURE, UNIT_NAME) VALUES ('TEMPR_BUKS1_STOR_POM_MASH_SEC_B','Темп-ра буксы1 стор.пом.маш сек.Б', 'C', 'BUKS');
INSERT INTO SENSOR (NAME, DESCRIPTION, UNIT_OF_MEASURE, UNIT_NAME) VALUES ('TEMPR_BUKS1_STOR_MASH_SEC_B','Темп-ра буксы1 стор.маш сек.Б', 'C', 'TDVIG');
INSERT INTO SENSOR (NAME, DESCRIPTION, UNIT_OF_MEASURE, UNIT_NAME) VALUES ('TEMPR_VHOD_TED_SEC_A1','Температура на входе ТЭД секции А(1)', 'C', 'TDVIG');
INSERT INTO SENSOR (NAME, DESCRIPTION, UNIT_OF_MEASURE, UNIT_NAME) VALUES ('TEMPR_VHOD_TED_SEC_A2','Температура на входе ТЭД секции А(2)', 'C', 'TDVIG');
INSERT INTO SENSOR (NAME, DESCRIPTION, UNIT_OF_MEASURE, UNIT_NAME) VALUES ('TEMPR_VHOD_TED_SEC_B1','Температура на входе ТЭД секции Б(1)', 'C', 'TDVIG');
INSERT INTO SENSOR (NAME, DESCRIPTION, UNIT_OF_MEASURE, UNIT_NAME) VALUES ('TEMPR_VHOD_TED_SEC_B2','Температура на входе ТЭД секции Б(2)', 'C', 'TDVIG');
INSERT INTO SENSOR (NAME, DESCRIPTION, UNIT_OF_MEASURE, UNIT_NAME) VALUES ('TEMPR_VIHOD_TED1_SEC_A','Температура на выходе ТЭД1 секции А', 'C', 'TDVIG');
INSERT INTO SENSOR (NAME, DESCRIPTION, UNIT_OF_MEASURE, UNIT_NAME) VALUES ('TEMPR_VIHOD_TED2_SEC_A','Температура на выходе ТЭД2 секции А', 'C', 'TDVIG');
INSERT INTO SENSOR (NAME, DESCRIPTION, UNIT_OF_MEASURE, UNIT_NAME) VALUES ('TEMPR_VIHOD_TED3_SEC_A','Температура на выходе ТЭД3 секции А', 'C', 'TDVIG');
INSERT INTO SENSOR (NAME, DESCRIPTION, UNIT_OF_MEASURE, UNIT_NAME) VALUES ('TEMPR_VIHOD_TED4_SEC_A','Температура на выходе ТЭД4 секции А', 'C', 'TDVIG');
INSERT INTO SENSOR (NAME, DESCRIPTION, UNIT_OF_MEASURE, UNIT_NAME) VALUES ('TEMPR_VIHOD_TED1_SEC_B','Температура на выходе ТЭД1 секции Б', 'C', 'TDVIG');
INSERT INTO SENSOR (NAME, DESCRIPTION, UNIT_OF_MEASURE, UNIT_NAME) VALUES ('TEMPR_VIHOD_TED2_SEC_B','Температура на выходе ТЭД2 секции Б', 'C', 'TDVIG');
INSERT INTO SENSOR (NAME, DESCRIPTION, UNIT_OF_MEASURE, UNIT_NAME) VALUES ('TEMPR_VIHOD_TED3_SEC_B','Температура на выходе ТЭД3 секции Б', 'C', 'TDVIG');
INSERT INTO SENSOR (NAME, DESCRIPTION, UNIT_OF_MEASURE, UNIT_NAME) VALUES ('TEMPR_VIHOD_TED4_SEC_B','Температура на выходе ТЭД4 секции Б', 'C', 'TDVIG');
INSERT INTO SENSOR (NAME, DESCRIPTION, UNIT_OF_MEASURE, UNIT_NAME) VALUES ('TEMPR_BPTR1_SEC_A','Температура БПТР1 секции А;БПТР 1А', 'C', 'PTRES');
INSERT INTO SENSOR (NAME, DESCRIPTION, UNIT_OF_MEASURE, UNIT_NAME) VALUES ('TEMPR_BPTR2_SEC_A','Температура БПТР2 секции А;БПТР 2А', 'C', 'PTRES');
INSERT INTO SENSOR (NAME, DESCRIPTION, UNIT_OF_MEASURE, UNIT_NAME) VALUES ('TEMPR_BPTR1_SEC_B','Температура БПТР1 секции Б;БПТР 1Б', 'C', 'PTRES');
INSERT INTO SENSOR (NAME, DESCRIPTION, UNIT_OF_MEASURE, UNIT_NAME) VALUES ('TEMPR_BPTR2_SEC_B','Температура БПТР2 секции Б;БПТР 2Б', 'C', 'PTRES');

INSERT INTO LOCO_DATA (ID_LOCO, RECORD_TIME_LOCO_DATA, NAPR_ACCUM_BATR_SEC_A,
                       NAPR_ACCUM_BATR_SEC_B, TOK_ACCUM_BATR_SEC_A, TOK_ACCUM_BATR_SEC_B,
                       TOK_VOZ_TED_SEC_A, TOK_VOZ_TED_SEC_B, TOK_YAK_TED12_SEC_A,
                       TOK_YAK_TED12_SEC_B, TOK_YAK_TED34_SEC_A, TOK_YAK_TED34_SEC_B,
                       NAPR_CONT_SET_SEC_A, NAPR_CONT_SET_SEC_B, TEMPR_BUKS1_STOR_MASH_SEC_A,
                       TEMPR_BUKS1_STOR_POM_MASH_SEC_A, TEMPR_BUKS2_STOR_MASH_SEC_A, TEMPR_BUKS2_STOR_POM_MASH_SEC_A,
                       TEMPR_BUKS3_STOR_MASH_SEC_A, TEMPR_BUKS3_STOR_POM_MASH_SEC_A, TEMPR_BUKS4_STOR_MASH_SEC_A,
                       TEMPR_BUKS4_STOR_POM_MASH_SEC_A, TEMPR_BUKS4_STOR_POM_MASH_SEC_B, TEMPR_BUKS4_STOR_MASH_SEC_B,
                       TEMPR_BUKS3_STOR_POM_MASH_SEC_B, TEMPR_BUKS3_STOR_MASH_SEC_B, TEMPR_BUKS2_STOR_POM_MASH_SEC_B,
                       TEMPR_BUKS2_STOR_MASH_SEC_B, TEMPR_BUKS1_STOR_POM_MASH_SEC_B, TEMPR_BUKS1_STOR_MASH_SEC_B,
                       TEMPR_VHOD_TED_SEC_A1, TEMPR_VHOD_TED_SEC_A2, TEMPR_VHOD_TED_SEC_B1, TEMPR_VHOD_TED_SEC_B2,
                       TEMPR_VIHOD_TED1_SEC_A, TEMPR_VIHOD_TED2_SEC_A, TEMPR_VIHOD_TED3_SEC_A, TEMPR_VIHOD_TED4_SEC_A,
                       TEMPR_VIHOD_TED1_SEC_B, TEMPR_VIHOD_TED2_SEC_B, TEMPR_VIHOD_TED3_SEC_B, TEMPR_VIHOD_TED4_SEC_B,
                       TEMPR_BPTR1_SEC_A, TEMPR_BPTR2_SEC_A, TEMPR_BPTR1_SEC_B, TEMPR_BPTR2_SEC_B)
VALUES ('VL151','2014-01-01 22:10:00.001',13,14,15,16,17,18,19,10,11,12,13,14,15,16,17,18,19,20,21,22,23,24,25,26,27,28,29,30,31,32,33,34,35,36,37,38,39,40,41,42,43,44,45,46);

INSERT INTO LOCO_DATA (ID_LOCO, RECORD_TIME_LOCO_DATA, NAPR_ACCUM_BATR_SEC_A,
                       NAPR_ACCUM_BATR_SEC_B, TOK_ACCUM_BATR_SEC_A, TOK_ACCUM_BATR_SEC_B,
                       TOK_VOZ_TED_SEC_A, TOK_VOZ_TED_SEC_B, TOK_YAK_TED12_SEC_A,
                       TOK_YAK_TED12_SEC_B, TOK_YAK_TED34_SEC_A, TOK_YAK_TED34_SEC_B,
                       NAPR_CONT_SET_SEC_A, NAPR_CONT_SET_SEC_B, TEMPR_BUKS1_STOR_MASH_SEC_A,
                       TEMPR_BUKS1_STOR_POM_MASH_SEC_A, TEMPR_BUKS2_STOR_MASH_SEC_A, TEMPR_BUKS2_STOR_POM_MASH_SEC_A,
                       TEMPR_BUKS3_STOR_MASH_SEC_A, TEMPR_BUKS3_STOR_POM_MASH_SEC_A, TEMPR_BUKS4_STOR_MASH_SEC_A,
                       TEMPR_BUKS4_STOR_POM_MASH_SEC_A, TEMPR_BUKS4_STOR_POM_MASH_SEC_B, TEMPR_BUKS4_STOR_MASH_SEC_B,
                       TEMPR_BUKS3_STOR_POM_MASH_SEC_B, TEMPR_BUKS3_STOR_MASH_SEC_B, TEMPR_BUKS2_STOR_POM_MASH_SEC_B,
                       TEMPR_BUKS2_STOR_MASH_SEC_B, TEMPR_BUKS1_STOR_POM_MASH_SEC_B, TEMPR_BUKS1_STOR_MASH_SEC_B,
                       TEMPR_VHOD_TED_SEC_A1, TEMPR_VHOD_TED_SEC_A2, TEMPR_VHOD_TED_SEC_B1, TEMPR_VHOD_TED_SEC_B2,
                       TEMPR_VIHOD_TED1_SEC_A, TEMPR_VIHOD_TED2_SEC_A, TEMPR_VIHOD_TED3_SEC_A, TEMPR_VIHOD_TED4_SEC_A,
                       TEMPR_VIHOD_TED1_SEC_B, TEMPR_VIHOD_TED2_SEC_B, TEMPR_VIHOD_TED3_SEC_B, TEMPR_VIHOD_TED4_SEC_B,
                       TEMPR_BPTR1_SEC_A, TEMPR_BPTR2_SEC_A, TEMPR_BPTR1_SEC_B, TEMPR_BPTR2_SEC_B)
VALUES ('VL100','2014-04-01 14:10:20.031',23,24,25,26,27,28,29,20,21,22,23,24,25,26,27,28,29,22,22,22,23,24,25,26,27,28,29,30,31,32,33,34,35,36,37,38,39,40,41,42,43,44,45,46);
INSERT INTO LOCO_DATA (ID_LOCO, RECORD_TIME_LOCO_DATA, NAPR_ACCUM_BATR_SEC_A,
                       NAPR_ACCUM_BATR_SEC_B, TOK_ACCUM_BATR_SEC_A, TOK_ACCUM_BATR_SEC_B,
                       TOK_VOZ_TED_SEC_A, TOK_VOZ_TED_SEC_B, TOK_YAK_TED12_SEC_A,
                       TOK_YAK_TED12_SEC_B, TOK_YAK_TED34_SEC_A, TOK_YAK_TED34_SEC_B,
                       NAPR_CONT_SET_SEC_A, NAPR_CONT_SET_SEC_B, TEMPR_BUKS1_STOR_MASH_SEC_A,
                       TEMPR_BUKS1_STOR_POM_MASH_SEC_A, TEMPR_BUKS2_STOR_MASH_SEC_A, TEMPR_BUKS2_STOR_POM_MASH_SEC_A,
                       TEMPR_BUKS3_STOR_MASH_SEC_A, TEMPR_BUKS3_STOR_POM_MASH_SEC_A, TEMPR_BUKS4_STOR_MASH_SEC_A,
                       TEMPR_BUKS4_STOR_POM_MASH_SEC_A, TEMPR_BUKS4_STOR_POM_MASH_SEC_B, TEMPR_BUKS4_STOR_MASH_SEC_B,
                       TEMPR_BUKS3_STOR_POM_MASH_SEC_B, TEMPR_BUKS3_STOR_MASH_SEC_B, TEMPR_BUKS2_STOR_POM_MASH_SEC_B,
                       TEMPR_BUKS2_STOR_MASH_SEC_B, TEMPR_BUKS1_STOR_POM_MASH_SEC_B, TEMPR_BUKS1_STOR_MASH_SEC_B,
                       TEMPR_VHOD_TED_SEC_A1, TEMPR_VHOD_TED_SEC_A2, TEMPR_VHOD_TED_SEC_B1, TEMPR_VHOD_TED_SEC_B2,
                       TEMPR_VIHOD_TED1_SEC_A, TEMPR_VIHOD_TED2_SEC_A, TEMPR_VIHOD_TED3_SEC_A, TEMPR_VIHOD_TED4_SEC_A,
                       TEMPR_VIHOD_TED1_SEC_B, TEMPR_VIHOD_TED2_SEC_B, TEMPR_VIHOD_TED3_SEC_B, TEMPR_VIHOD_TED4_SEC_B,
                       TEMPR_BPTR1_SEC_A, TEMPR_BPTR2_SEC_A, TEMPR_BPTR1_SEC_B, TEMPR_BPTR2_SEC_B)
VALUES ('VL100','2014-06-01 14:10:20.031',33,34,35,36,37,38,39,30,31,32,33,34,35,36,37,38,39,32,32,32,33,34,35,36,27,28,29,30,31,32,33,34,35,36,37,38,39,40,41,42,43,44,45,46);
INSERT INTO LOCO_DATA (ID_LOCO, RECORD_TIME_LOCO_DATA, NAPR_ACCUM_BATR_SEC_A,
                       NAPR_ACCUM_BATR_SEC_B, TOK_ACCUM_BATR_SEC_A, TOK_ACCUM_BATR_SEC_B,
                       TOK_VOZ_TED_SEC_A, TOK_VOZ_TED_SEC_B, TOK_YAK_TED12_SEC_A,
                       TOK_YAK_TED12_SEC_B, TOK_YAK_TED34_SEC_A, TOK_YAK_TED34_SEC_B,
                       NAPR_CONT_SET_SEC_A, NAPR_CONT_SET_SEC_B, TEMPR_BUKS1_STOR_MASH_SEC_A,
                       TEMPR_BUKS1_STOR_POM_MASH_SEC_A, TEMPR_BUKS2_STOR_MASH_SEC_A, TEMPR_BUKS2_STOR_POM_MASH_SEC_A,
                       TEMPR_BUKS3_STOR_MASH_SEC_A, TEMPR_BUKS3_STOR_POM_MASH_SEC_A, TEMPR_BUKS4_STOR_MASH_SEC_A,
                       TEMPR_BUKS4_STOR_POM_MASH_SEC_A, TEMPR_BUKS4_STOR_POM_MASH_SEC_B, TEMPR_BUKS4_STOR_MASH_SEC_B,
                       TEMPR_BUKS3_STOR_POM_MASH_SEC_B, TEMPR_BUKS3_STOR_MASH_SEC_B, TEMPR_BUKS2_STOR_POM_MASH_SEC_B,
                       TEMPR_BUKS2_STOR_MASH_SEC_B, TEMPR_BUKS1_STOR_POM_MASH_SEC_B, TEMPR_BUKS1_STOR_MASH_SEC_B,
                       TEMPR_VHOD_TED_SEC_A1, TEMPR_VHOD_TED_SEC_A2, TEMPR_VHOD_TED_SEC_B1, TEMPR_VHOD_TED_SEC_B2,
                       TEMPR_VIHOD_TED1_SEC_A, TEMPR_VIHOD_TED2_SEC_A, TEMPR_VIHOD_TED3_SEC_A, TEMPR_VIHOD_TED4_SEC_A,
                       TEMPR_VIHOD_TED1_SEC_B, TEMPR_VIHOD_TED2_SEC_B, TEMPR_VIHOD_TED3_SEC_B, TEMPR_VIHOD_TED4_SEC_B,
                       TEMPR_BPTR1_SEC_A, TEMPR_BPTR2_SEC_A, TEMPR_BPTR1_SEC_B, TEMPR_BPTR2_SEC_B)
VALUES ('VL231','2014-06-01 14:10:20.031',33,34,35,36,37,38,39,30,31,32,33,34,35,36,37,38,39,32,32,32,33,34,35,36,27,28,29,30,31,32,33,34,35,36,37,38,39,40,41,42,43,44,45,46);
INSERT INTO LOCO_DATA (ID_LOCO, RECORD_TIME_LOCO_DATA, NAPR_ACCUM_BATR_SEC_A,
                       NAPR_ACCUM_BATR_SEC_B, TOK_ACCUM_BATR_SEC_A, TOK_ACCUM_BATR_SEC_B,
                       TOK_VOZ_TED_SEC_A, TOK_VOZ_TED_SEC_B, TOK_YAK_TED12_SEC_A,
                       TOK_YAK_TED12_SEC_B, TOK_YAK_TED34_SEC_A, TOK_YAK_TED34_SEC_B,
                       NAPR_CONT_SET_SEC_A, NAPR_CONT_SET_SEC_B, TEMPR_BUKS1_STOR_MASH_SEC_A,
                       TEMPR_BUKS1_STOR_POM_MASH_SEC_A, TEMPR_BUKS2_STOR_MASH_SEC_A, TEMPR_BUKS2_STOR_POM_MASH_SEC_A,
                       TEMPR_BUKS3_STOR_MASH_SEC_A, TEMPR_BUKS3_STOR_POM_MASH_SEC_A, TEMPR_BUKS4_STOR_MASH_SEC_A,
                       TEMPR_BUKS4_STOR_POM_MASH_SEC_A, TEMPR_BUKS4_STOR_POM_MASH_SEC_B, TEMPR_BUKS4_STOR_MASH_SEC_B,
                       TEMPR_BUKS3_STOR_POM_MASH_SEC_B, TEMPR_BUKS3_STOR_MASH_SEC_B, TEMPR_BUKS2_STOR_POM_MASH_SEC_B,
                       TEMPR_BUKS2_STOR_MASH_SEC_B, TEMPR_BUKS1_STOR_POM_MASH_SEC_B, TEMPR_BUKS1_STOR_MASH_SEC_B,
                       TEMPR_VHOD_TED_SEC_A1, TEMPR_VHOD_TED_SEC_A2, TEMPR_VHOD_TED_SEC_B1, TEMPR_VHOD_TED_SEC_B2,
                       TEMPR_VIHOD_TED1_SEC_A, TEMPR_VIHOD_TED2_SEC_A, TEMPR_VIHOD_TED3_SEC_A, TEMPR_VIHOD_TED4_SEC_A,
                       TEMPR_VIHOD_TED1_SEC_B, TEMPR_VIHOD_TED2_SEC_B, TEMPR_VIHOD_TED3_SEC_B, TEMPR_VIHOD_TED4_SEC_B,
                       TEMPR_BPTR1_SEC_A, TEMPR_BPTR2_SEC_A, TEMPR_BPTR1_SEC_B, TEMPR_BPTR2_SEC_B)
VALUES ('VL115','2014-06-01 14:10:20.031',33,34,35,36,37,38,39,30,31,32,33,34,35,36,37,38,39,32,32,32,33,34,35,36,27,28,29,30,31,32,33,34,35,36,37,38,39,40,41,42,43,44,45,46);
INSERT INTO LOCO_DATA (ID_LOCO, RECORD_TIME_LOCO_DATA, NAPR_ACCUM_BATR_SEC_A,
                       NAPR_ACCUM_BATR_SEC_B, TOK_ACCUM_BATR_SEC_A, TOK_ACCUM_BATR_SEC_B,
                       TOK_VOZ_TED_SEC_A, TOK_VOZ_TED_SEC_B, TOK_YAK_TED12_SEC_A,
                       TOK_YAK_TED12_SEC_B, TOK_YAK_TED34_SEC_A, TOK_YAK_TED34_SEC_B,
                       NAPR_CONT_SET_SEC_A, NAPR_CONT_SET_SEC_B, TEMPR_BUKS1_STOR_MASH_SEC_A,
                       TEMPR_BUKS1_STOR_POM_MASH_SEC_A, TEMPR_BUKS2_STOR_MASH_SEC_A, TEMPR_BUKS2_STOR_POM_MASH_SEC_A,
                       TEMPR_BUKS3_STOR_MASH_SEC_A, TEMPR_BUKS3_STOR_POM_MASH_SEC_A, TEMPR_BUKS4_STOR_MASH_SEC_A,
                       TEMPR_BUKS4_STOR_POM_MASH_SEC_A, TEMPR_BUKS4_STOR_POM_MASH_SEC_B, TEMPR_BUKS4_STOR_MASH_SEC_B,
                       TEMPR_BUKS3_STOR_POM_MASH_SEC_B, TEMPR_BUKS3_STOR_MASH_SEC_B, TEMPR_BUKS2_STOR_POM_MASH_SEC_B,
                       TEMPR_BUKS2_STOR_MASH_SEC_B, TEMPR_BUKS1_STOR_POM_MASH_SEC_B, TEMPR_BUKS1_STOR_MASH_SEC_B,
                       TEMPR_VHOD_TED_SEC_A1, TEMPR_VHOD_TED_SEC_A2, TEMPR_VHOD_TED_SEC_B1, TEMPR_VHOD_TED_SEC_B2,
                       TEMPR_VIHOD_TED1_SEC_A, TEMPR_VIHOD_TED2_SEC_A, TEMPR_VIHOD_TED3_SEC_A, TEMPR_VIHOD_TED4_SEC_A,
                       TEMPR_VIHOD_TED1_SEC_B, TEMPR_VIHOD_TED2_SEC_B, TEMPR_VIHOD_TED3_SEC_B, TEMPR_VIHOD_TED4_SEC_B,
                       TEMPR_BPTR1_SEC_A, TEMPR_BPTR2_SEC_A, TEMPR_BPTR1_SEC_B, TEMPR_BPTR2_SEC_B)
VALUES ('VL131','2014-06-01 14:10:20.031',33,34,35,36,37,38,39,30,31,32,33,34,35,36,37,38,39,32,32,32,33,34,35,36,27,28,29,30,31,32,33,34,35,36,37,38,39,40,41,42,43,44,45,46);
INSERT INTO LOCO_DATA (ID_LOCO, RECORD_TIME_LOCO_DATA, NAPR_ACCUM_BATR_SEC_A,
                       NAPR_ACCUM_BATR_SEC_B, TOK_ACCUM_BATR_SEC_A, TOK_ACCUM_BATR_SEC_B,
                       TOK_VOZ_TED_SEC_A, TOK_VOZ_TED_SEC_B, TOK_YAK_TED12_SEC_A,
                       TOK_YAK_TED12_SEC_B, TOK_YAK_TED34_SEC_A, TOK_YAK_TED34_SEC_B,
                       NAPR_CONT_SET_SEC_A, NAPR_CONT_SET_SEC_B, TEMPR_BUKS1_STOR_MASH_SEC_A,
                       TEMPR_BUKS1_STOR_POM_MASH_SEC_A, TEMPR_BUKS2_STOR_MASH_SEC_A, TEMPR_BUKS2_STOR_POM_MASH_SEC_A,
                       TEMPR_BUKS3_STOR_MASH_SEC_A, TEMPR_BUKS3_STOR_POM_MASH_SEC_A, TEMPR_BUKS4_STOR_MASH_SEC_A,
                       TEMPR_BUKS4_STOR_POM_MASH_SEC_A, TEMPR_BUKS4_STOR_POM_MASH_SEC_B, TEMPR_BUKS4_STOR_MASH_SEC_B,
                       TEMPR_BUKS3_STOR_POM_MASH_SEC_B, TEMPR_BUKS3_STOR_MASH_SEC_B, TEMPR_BUKS2_STOR_POM_MASH_SEC_B,
                       TEMPR_BUKS2_STOR_MASH_SEC_B, TEMPR_BUKS1_STOR_POM_MASH_SEC_B, TEMPR_BUKS1_STOR_MASH_SEC_B,
                       TEMPR_VHOD_TED_SEC_A1, TEMPR_VHOD_TED_SEC_A2, TEMPR_VHOD_TED_SEC_B1, TEMPR_VHOD_TED_SEC_B2,
                       TEMPR_VIHOD_TED1_SEC_A, TEMPR_VIHOD_TED2_SEC_A, TEMPR_VIHOD_TED3_SEC_A, TEMPR_VIHOD_TED4_SEC_A,
                       TEMPR_VIHOD_TED1_SEC_B, TEMPR_VIHOD_TED2_SEC_B, TEMPR_VIHOD_TED3_SEC_B, TEMPR_VIHOD_TED4_SEC_B,
                       TEMPR_BPTR1_SEC_A, TEMPR_BPTR2_SEC_A, TEMPR_BPTR1_SEC_B, TEMPR_BPTR2_SEC_B)
VALUES ('VL100','2014-06-01 14:10:22.031',33,34,35,36,37,38,39,30,31,32,33,34,35,36,37,38,39,32,32,32,33,34,35,36,27,28,29,30,31,32,33,34,35,36,37,38,39,40,41,42,43,44,45,46);

INSERT INTO LOCO_DATA (ID_LOCO, RECORD_TIME_LOCO_DATA, NAPR_ACCUM_BATR_SEC_A,
                       NAPR_ACCUM_BATR_SEC_B, TOK_ACCUM_BATR_SEC_A, TOK_ACCUM_BATR_SEC_B,
                       TOK_VOZ_TED_SEC_A, TOK_VOZ_TED_SEC_B, TOK_YAK_TED12_SEC_A,
                       TOK_YAK_TED12_SEC_B, TOK_YAK_TED34_SEC_A, TOK_YAK_TED34_SEC_B,
                       NAPR_CONT_SET_SEC_A, NAPR_CONT_SET_SEC_B, TEMPR_BUKS1_STOR_MASH_SEC_A,
                       TEMPR_BUKS1_STOR_POM_MASH_SEC_A, TEMPR_BUKS2_STOR_MASH_SEC_A, TEMPR_BUKS2_STOR_POM_MASH_SEC_A,
                       TEMPR_BUKS3_STOR_MASH_SEC_A, TEMPR_BUKS3_STOR_POM_MASH_SEC_A, TEMPR_BUKS4_STOR_MASH_SEC_A,
                       TEMPR_BUKS4_STOR_POM_MASH_SEC_A, TEMPR_BUKS4_STOR_POM_MASH_SEC_B, TEMPR_BUKS4_STOR_MASH_SEC_B,
                       TEMPR_BUKS3_STOR_POM_MASH_SEC_B, TEMPR_BUKS3_STOR_MASH_SEC_B, TEMPR_BUKS2_STOR_POM_MASH_SEC_B,
                       TEMPR_BUKS2_STOR_MASH_SEC_B, TEMPR_BUKS1_STOR_POM_MASH_SEC_B, TEMPR_BUKS1_STOR_MASH_SEC_B,
                       TEMPR_VHOD_TED_SEC_A1, TEMPR_VHOD_TED_SEC_A2, TEMPR_VHOD_TED_SEC_B1, TEMPR_VHOD_TED_SEC_B2,
                       TEMPR_VIHOD_TED1_SEC_A, TEMPR_VIHOD_TED2_SEC_A, TEMPR_VIHOD_TED3_SEC_A, TEMPR_VIHOD_TED4_SEC_A,
                       TEMPR_VIHOD_TED1_SEC_B, TEMPR_VIHOD_TED2_SEC_B, TEMPR_VIHOD_TED3_SEC_B, TEMPR_VIHOD_TED4_SEC_B,
                       TEMPR_BPTR1_SEC_A, TEMPR_BPTR2_SEC_A, TEMPR_BPTR1_SEC_B, TEMPR_BPTR2_SEC_B)
VALUES ('VL100','2014-06-01 14:15:22.031',33,34,35,36,37,38,39,30,31,32,33,34,35,36,37,38,39,32,32,32,33,34,35,36,27,28,29,30,31,32,33,34,35,36,37,38,39,40,41,42,43,44,45,46);
















-- INSERT INTO FILE_INFO(FILE_NAME, FILE_SIZE, LOADING_DATE)
-- VALUES('file1', 1024, '2014-01-01 22:10:00.001');
-- 
-- INSERT INTO FILE_INFO(FILE_NAME, FILE_SIZE, LOADING_DATE)
-- VALUES('file2', 256, '2014-01-01 20:00:00.000');
-- 
INSERT INTO FILE_STRUCTURE_INFO(RECORD_START_INDEX, RECORD_LENGTH, TYPE)
VALUES(0, 256, 'VL11_OLD');

INSERT INTO FILE_STRUCTURE_INFO(RECORD_START_INDEX, RECORD_LENGTH, TYPE)
VALUES(128, 400, 'VL11_NEW');

INSERT INTO RECORD_STRUCTURE_INFO(NAME, INDEX, DELTA, FSI_TYPE)
VALUES('TEMPR_BUKS1_STOR_MASH_SEC_A', 115, 0.77, 'VL11_NEW');

INSERT INTO RECORD_STRUCTURE_INFO(NAME, INDEX, DELTA, FSI_TYPE)
VALUES('TEMPR_BUKS1_STOR_POM_MASH_SEC_A', 117, 0.77, 'VL11_NEW');

-- USER
INSERT INTO USER (LOGIN, NAME, PASSWORD, ROLE)
VALUES ('admin', 'Василь Пупкін', '6oTTV767h4cIKlCWL0cYmysxUp3QmuDQ', 'ROLE_ADMIN')